{
   "customer": {
      "profile": {
         "customerNo": "00081615",
         "scPersonAccountID": 123456789,
         "siteID": "123456",
         "email": "vineeta.srivastava@capgemini.com",
         "firstName": "vineeta",
         "lastName": "Srivastava",
         "creationDate": "2020-04-03T19:16:04.000Z",
         "lastLoginTime": "2020-04-03T19:20:38.000Z",
         "lastVisitTime": "2020-04-03T19:20:38.000Z",
         "preferredLocale": "",
         "salutation": "",
         "secondName": "",
         "suffix": "",
         "taxID": "",
         "title": "",
         "custom-attributes": {
            "custom-attribute": [
               {
                  "attribute-id": "addtoemaillist",
                  "value": "false"
               },
               {
                  "attribute-id": "ccpaOptOut",
                  "value": "false"
               },
               {
                  "attribute-id": "myinterests1",
                  "value": "false"
               },
               {
                  "attribute-id": "si_basketball",
                  "value": "false"
               },
               {
                  "attribute-id": "si_fashionapparel",
                  "value": "false"
               },
               {
                  "attribute-id": "si_footwear",
                  "value": "false"
               },
               {
                  "attribute-id": "si_kids",
                  "value": "false"
               },
               {
                  "attribute-id": "si_running",
                  "value": "false"
               },
               {
                  "attribute-id": "si_soccer",
                  "value": "false"
               },
               {
                  "attribute-id": "si_tennis",
                  "value": "true"
               },
               {
                  "attribute-id": "si_training",
                  "value": "true"
               },
               {
                  "attribute-id": "si_vintagefila",
                  "value": "true"
               },
               {
                  "attribute-id": "si_yoga",
                  "value": "false"
               },
               {
                  "attribute-id": "StoreCreditAmt",
                  "value": "1.00"
               },
               {
                  "attribute-id": "StoreCreditEndDate",
                  "value": "2020-04-03"
               },
               {
                  "attribute-id": "StoreCreditRedeemedAmt",
                  "value": "1.00"
               },
               {
                  "attribute-id": "StoreCreditStartDate",
                  "value": "2020-04-03"
               },
               {
                  "attribute-id": "ccpaOptOut",
                  "value": "true"
               },
               {
                  "attribute-id": "familyStatus",
                  "value": "test"
               },
               {
                  "attribute-id": "fraudCount",
                  "value": "5.00"
               },
               {
                  "attribute-id": "myinterests1",
                  "value": "true"
               },
               {
                  "attribute-id": "myinterests2",
                  "value": "true"
               },
               {
                  "attribute-id": "myinterests3",
                  "value": "true"
               },
               {
                  "attribute-id": "welcomeCouponCode",
                  "value": "P12345"
               },
               {
                  "attribute-id": "zipcode",
                  "value": "01580"
               }
            ]
         }
      },
      "Addresses": {
         "Address": [
            {
               "salutation": null,
               "firstName": "Test1",
               "lastName": "Test2",
               "secondName": null,
               "suffix": null,
               "title": null,
               "address1": "315 E. Eisenhower Parkway",
               "address2": "202",
               "suite": null,
               "city": "Ann Arbor",
               "postalCode": "48104",
               "stateCode": "MI",
               "countryCode": "US",
               "creationDate": "2020-04-03T19:16:04.000Z",
               "companyName": null,
               "jobTitle": null,
               "phone": null,
               "postBox": null
            },
            {
               "salutation": null,
               "firstName": "Test3",
               "lastName": "Test4",
               "secondName": null,
               "suffix": null,
               "title": null,
               "address1": "315 E. Eisenhower Parkway",
               "address2": "202",
               "suite": null,
               "city": "Ann Arbor",
               "postalCode": "48104",
               "stateCode": "MI",
               "countryCode": "US",
               "creationDate": "2020-04-03T19:16:04.000Z",
               "companyName": null,
               "jobTitle": null,
               "phone": null,
               "postBox": null
            }
         ]
      }
   }
}