<?xml version="1.0" encoding="UTF-8"?>
<mule xmlns:doc="http://www.mulesoft.org/schema/mule/documentation"
	xmlns:ee="http://www.mulesoft.org/schema/mule/ee/core" xmlns="http://www.mulesoft.org/schema/mule/core" xmlns:apikit="http://www.mulesoft.org/schema/mule/mule-apikit" xmlns:http="http://www.mulesoft.org/schema/mule/http" xmlns:xsi="http://www.w3.org/2001/XMLSchema-instance" xsi:schemaLocation="http://www.mulesoft.org/schema/mule/core http://www.mulesoft.org/schema/mule/core/current/mule.xsd http://www.mulesoft.org/schema/mule/http http://www.mulesoft.org/schema/mule/http/current/mule-http.xsd http://www.mulesoft.org/schema/mule/mule-apikit http://www.mulesoft.org/schema/mule/mule-apikit/current/mule-apikit.xsd ">
    <http:listener-config name="proc-commerce-customer-api-httpListenerConfig">
        <http:listener-connection host="${customer.proc.host}" port="${customer.proc.port}" />
    </http:listener-config>
    <apikit:config name="proc-commerce-customer-api-config" api="proc-commerce-customer-api.raml" outboundHeadersMapName="outboundHeaders" httpStatusVarName="httpStatus" />
    <http:request-config name="HTTP_Request_configuration" doc:name="HTTP Request configuration" doc:id="095b3d4d-b521-4dea-b02e-adf9d198e632" >
		<http:request-connection host="${customer.sys.host}" port="${customer.sys.port}" />
	</http:request-config>
	<configuration-properties doc:name="Configuration properties" doc:id="171cdb66-9021-44ce-8e70-1abcca8f07b9" file="config.properties" />
	<flow name="proc-commerce-customer-api-main">
        <http:listener config-ref="proc-commerce-customer-api-httpListenerConfig" path="/api/*">
            <http:response statusCode="#[vars.httpStatus default 200]">
                <http:headers>#[vars.outboundHeaders default {}]</http:headers>
            </http:response>
            <http:error-response statusCode="#[vars.httpStatus default 500]">
                <http:body>#[payload]</http:body>
                <http:headers>#[vars.outboundHeaders default {}]</http:headers>
            </http:error-response>
        </http:listener>
        <apikit:router config-ref="proc-commerce-customer-api-config" />
        <error-handler>
            <on-error-propagate type="APIKIT:BAD_REQUEST">
                <ee:transform xmlns:ee="http://www.mulesoft.org/schema/mule/ee/core" xsi:schemaLocation="http://www.mulesoft.org/schema/mule/ee/core http://www.mulesoft.org/schema/mule/ee/core/current/mule-ee.xsd">
                    <ee:message>
                        <ee:set-payload><![CDATA[%dw 2.0
output application/json
---
{message: "Bad request"}]]></ee:set-payload>
                    </ee:message>
                    <ee:variables>
                        <ee:set-variable variableName="httpStatus">400</ee:set-variable>
                    </ee:variables>
                </ee:transform>
            </on-error-propagate>
            <on-error-propagate type="APIKIT:NOT_FOUND">
                <ee:transform xmlns:ee="http://www.mulesoft.org/schema/mule/ee/core" xsi:schemaLocation="http://www.mulesoft.org/schema/mule/ee/core http://www.mulesoft.org/schema/mule/ee/core/current/mule-ee.xsd">
                    <ee:message>
                        <ee:set-payload><![CDATA[%dw 2.0
output application/json
---
{message: "Resource not found"}]]></ee:set-payload>
                    </ee:message>
                    <ee:variables>
                        <ee:set-variable variableName="httpStatus">404</ee:set-variable>
                    </ee:variables>
                </ee:transform>
            </on-error-propagate>
            <on-error-propagate type="APIKIT:METHOD_NOT_ALLOWED">
                <ee:transform xmlns:ee="http://www.mulesoft.org/schema/mule/ee/core" xsi:schemaLocation="http://www.mulesoft.org/schema/mule/ee/core http://www.mulesoft.org/schema/mule/ee/core/current/mule-ee.xsd">
                    <ee:message>
                        <ee:set-payload><![CDATA[%dw 2.0
output application/json
---
{message: "Method not allowed"}]]></ee:set-payload>
                    </ee:message>
                    <ee:variables>
                        <ee:set-variable variableName="httpStatus">405</ee:set-variable>
                    </ee:variables>
                </ee:transform>
            </on-error-propagate>
            <on-error-propagate type="APIKIT:NOT_ACCEPTABLE">
                <ee:transform xmlns:ee="http://www.mulesoft.org/schema/mule/ee/core" xsi:schemaLocation="http://www.mulesoft.org/schema/mule/ee/core http://www.mulesoft.org/schema/mule/ee/core/current/mule-ee.xsd">
                    <ee:message>
                        <ee:set-payload><![CDATA[%dw 2.0
output application/json
---
{message: "Not acceptable"}]]></ee:set-payload>
                    </ee:message>
                    <ee:variables>
                        <ee:set-variable variableName="httpStatus">406</ee:set-variable>
                    </ee:variables>
                </ee:transform>
            </on-error-propagate>
            <on-error-propagate type="APIKIT:UNSUPPORTED_MEDIA_TYPE">
                <ee:transform xmlns:ee="http://www.mulesoft.org/schema/mule/ee/core" xsi:schemaLocation="http://www.mulesoft.org/schema/mule/ee/core http://www.mulesoft.org/schema/mule/ee/core/current/mule-ee.xsd">
                    <ee:message>
                        <ee:set-payload><![CDATA[%dw 2.0
output application/json
---
{message: "Unsupported media type"}]]></ee:set-payload>
                    </ee:message>
                    <ee:variables>
                        <ee:set-variable variableName="httpStatus">415</ee:set-variable>
                    </ee:variables>
                </ee:transform>
            </on-error-propagate>
            <on-error-propagate type="APIKIT:NOT_IMPLEMENTED">
                <ee:transform xmlns:ee="http://www.mulesoft.org/schema/mule/ee/core" xsi:schemaLocation="http://www.mulesoft.org/schema/mule/ee/core http://www.mulesoft.org/schema/mule/ee/core/current/mule-ee.xsd">
                    <ee:message>
                        <ee:set-payload><![CDATA[%dw 2.0
output application/json
---
{message: "Not Implemented"}]]></ee:set-payload>
                    </ee:message>
                    <ee:variables>
                        <ee:set-variable variableName="httpStatus">501</ee:set-variable>
                    </ee:variables>
                </ee:transform>
            </on-error-propagate>
        </error-handler>
    </flow>
    <flow name="proc-commerce-customer-api-console">
        <http:listener config-ref="proc-commerce-customer-api-httpListenerConfig" path="/console/*">
            <http:response statusCode="#[vars.httpStatus default 200]">
                <http:headers>#[vars.outboundHeaders default {}]</http:headers>
            </http:response>
            <http:error-response statusCode="#[vars.httpStatus default 500]">
                <http:body>#[payload]</http:body>
                <http:headers>#[vars.outboundHeaders default {}]</http:headers>
            </http:error-response>
        </http:listener>
        <apikit:console config-ref="proc-commerce-customer-api-config" />
        <error-handler>
            <on-error-propagate type="APIKIT:NOT_FOUND">
                <ee:transform xmlns:ee="http://www.mulesoft.org/schema/mule/ee/core" xsi:schemaLocation="
http://www.mulesoft.org/schema/mule/http http://www.mulesoft.org/schema/mule/http/current/mule-http.xsd http://www.mulesoft.org/schema/mule/ee/core http://www.mulesoft.org/schema/mule/ee/core/current/mule-ee.xsd">
                    <ee:message>
                        <ee:set-payload><![CDATA[%dw 2.0
output application/json
---
{message: "Resource not found"}]]></ee:set-payload>
                    </ee:message>
                    <ee:variables>
                        <ee:set-variable variableName="httpStatus">404</ee:set-variable>
                    </ee:variables>
                </ee:transform>
            </on-error-propagate>
        </error-handler>
    </flow>
    <flow name="post:\customer:application\json:proc-commerce-customer-api-config">
     <logger level="INFO" message="-----Initial Logger-----#[payload]" doc:name="LogStartDebug"/>
<ee:transform doc:name="Request Payload" doc:id="4f02d594-913a-4485-ac90-5457f161761d" >
<ee:message >
<ee:set-payload ><![CDATA[%dw 2.0
output application/json
---
payload]]></ee:set-payload>
</ee:message>
</ee:transform>
<choice doc:name="Check PersonAccountId Available or Not" doc:id="85a340da-c609-4639-81c0-de783adf9f91" >
<when expression="#[isEmpty(payload.customer.profile.scPersonAccountID) == true as Boolean]">
<logger level="INFO" doc:name="PersonAccountIdNotExist" doc:id="daeb818b-2530-4a07-94e7-9d5a4c1c697a" message="-----customer PersonAccountID exist----"/>
<set-variable value="#[payload]" doc:name="SavePayload" doc:id="07d393fb-e095-470d-8a9b-c34c09a64478" variableName="BeforeGetPayload"/>
				<set-variable value="" doc:name="SetCustomerNo" doc:id="5ed648b5-956c-402c-82fe-f288dd4a104d" variableName="CustomerNo"/>
				<http:request method="GET" doc:name="InvokeGet" doc:id="21561b35-6322-4ac9-b17a-220b5b253660" config-ref="HTTP_Request_configuration" path="/${customer.sys.path}">
<http:headers ><![CDATA[#[{
"Content-Type" : "application/json"
}]]]></http:headers>
</http:request>
				<choice doc:name="Choice" doc:id="bd563acc-5b8a-4b12-b634-38442aea86ba" >
					<when expression="#[sizeOf(payload) ==0 and isEmpty(vars.CustomerNo)==true]">
						<set-payload value="#[vars.BeforeGetPayload]" doc:name="Set Payload" doc:id="6879a1b1-0cb6-468a-a85e-93529f46acf2" />
						<http:request method="POST" doc:name="InvokePost" doc:id="a3218bd5-591a-4add-9ac1-21f4d2659421" config-ref="HTTP_Request_configuration" path="/${customer.sys.path}"/>
					</when>
					<otherwise >
						<set-payload value="#[vars.BeforeGetPayload]" doc:name="Set Payload" doc:id="2dc7f55d-7978-403a-85e3-4e0bb1c6373f" />
						<http:request method="PUT" doc:name="InvokeUpsert" doc:id="957640f1-7d32-4a8b-930e-96c73ddafd76" config-ref="HTTP_Request_configuration" path="/${customer.sys.path}"/>
					</otherwise>
				</choice>
</when>
<otherwise >
<logger level="INFO" doc:name="PersonAccountIDExist" doc:id="8bd05004-2a5b-4c35-b39c-4e11e690b6c9" message="-----customer PersonAccountID  does not exist----"/>
<http:request method="PUT" doc:name="InvokeUpsert" doc:id="fb63e350-4ee0-4c88-934f-7d472056dc99" config-ref="HTTP_Request_configuration" path="/{customer.sys.path}">
<http:headers ><![CDATA[#[{
"Content-Type" : "application/json"
}]]]></http:headers>
</http:request>
</otherwise>
</choice>
<ee:transform doc:name="Response Payload" doc:id="7633fd41-e111-451e-949f-1b3bd7837c84" >
<ee:message >
<ee:set-payload ><![CDATA[%dw 2.0
output application/json
---
payload]]></ee:set-payload>
</ee:message>
</ee:transform>
<logger level="INFO" doc:name="LogEndDebug" doc:id="4b77408d-d746-48ff-9dd4-960f16193476" message="-----End Logger-----#[payload]"/>
    </flow>
	
	
</mule>
